<atlassian-plugin key="${atlassian.plugin.key}" name="${project.name}" plugins-version="2">
    <plugin-info>
        <description>${project.description}</description>
        <version>${project.version}</version>
        <vendor name="${project.organization.name}" url="${project.organization.url}" />
        <param name="plugin-icon">images/pluginIcon.png</param>
        <param name="plugin-logo">images/pluginLogo.png</param>
    </plugin-info>

    <!-- add our i18n resource -->
    <resource type="i18n" name="i18n" location="number-utility"/>
    
    <!-- add our web resources -->
    <web-resource key="number-utility-resources" name="number-utility Web Resources">
        <dependency>com.atlassian.auiplugin:ajs</dependency>
        
        <resource type="download" name="number-utility.css" location="/css/number-utility.css"/>
        <resource type="download" name="number-utility.js" location="/js/number-utility.js"/>
        <resource type="download" name="images/" location="/images"/>

        <context>number-utility</context>
    </web-resource>
    
</atlassian-plugin>